TYPE,COUNT
Accessories,24
Backpack,1
Beanie,22
Biker Shorts,1
Blanket,2
Blankets,7
Bra,1
Crewneck,112
Crop Hoodie,2
Crop-Top,1
Cropped Hoodie,2
Cropped Tank,5
Decorative Stickers,2
Denim Jacket,1
Dress,1
Drinkware,2
Face mask,38
Fanny Pack,1
Gift Card,1
Gift Cards,7
Hat,5
Hats,4
Headphones,1
Hoodie,315
Insurance,1
Jacket,7
Jewelry,2
Jogger,9
Joggers,34
Legging,2
Long Sleeve,6
Long Sleeve Shirt,3
MUG,73
Mini Backpack,1
Mousepad,1
Mousepads,13
Mug,7
Mugs,5
Necklace,1
Notebook,1
Notebooks & Notepads,1
Pet Bandana,5
Pet Hoodie,1
Plushie,8
Poster,7
Posters 2,1
SWEATSHIRT,1
Shirt,306
Shirts & Tops,5
Short,2
Shorts,2
Slides,2
Socks,7
Sports Bra,1
Srunchie,1
Sticker,15
Sweatpants,36
T-shirt,34
Tank,1
Tank Top,1
Tank-Top,3
Tote Bag,26
Tumblers,9
Underwear,2
Utensils,2
V-Neck,3
Water Bottles,1
Wine Tumbler,5
Workout Band Bundle,1
Workout Bra,1
Youth Crewneck,1
Youth Shirt,1
Zip Up,1
beanie,2
bucket hat,3
dad hat,6
duffle bag,3
hat,116
hoodie,5
leggings,1
longsleeve,1
mug,1
muumuu,1
notebook,70
phone case,298
shirt,10
shorts,5
sticker,75
trucker hat,2
tshirt,6
